English,Czech,embark,nalodit
English,Czech,prior,předchozí
English,Czech,conform,přizpůsobit
English,Czech,claim,nárok
English,Czech,augmentation,zvětšení
English,Czech,augmented,rozšířený
English,Czech,dangle,klátit
English,Czech,grapple,zápasit
English,Czech,rudimentary,základní
English,Czech,daisy,sedmikráska
English,Czech,hassle,hádka
English,Czech,spawn,potěr
English,Czech,blurb,záložka
English,Czech,banging,bouchání
English,Czech,deemed,považovány za
English,Czech,abandon,opustit
English,Czech,munching,žvýkání
English,Czech,endowment,nadace
English,Czech,upside,vzhůru
English,Czech,lure,návnada
English,Czech,bunder,přistávací plocha
English,Czech,fury,zuřivost
English,Czech,harness,postroj
English,Czech,dignity,důstojnost
English,Czech,amber,jantar
English,Czech,slice,plátek
English,Czech,transpose,transponovat
English,Czech,assorted,roztříděný
English,Czech,defer,odložit
English,Czech,momentary,chvilkový
English,Czech,circumvent,obejít
English,Czech,exposure,expozice
English,Czech,deferred,odložený
English,Czech,fabric,tkanina
English,Czech,evict,vypudit
English,Czech,confined,omezený
English,Czech,interleave,vložit listy
English,Czech,deem,považovat
English,Czech,assessment,posouzení
English,Czech,offload,vyložit
Czech,English,podcenit,underestimate
English,Czech,pun,slovní hříčka
English,Czech,overwhelming,ohromující
Czech,English,kalhotky,panties
English,Czech,deemed,považuje za
English,Czech,grab,drapák
English,Czech,concerns,obavy
English,Czech,stumble,klopýtnutí
English,Czech,hush up,ututlat
English,Czech,tend,sklon
English,Czech,paper over,zaretušovat
English,Czech,assess,posoudit
English,Czech,bail out,vyskočit padákem
English,Czech,Affiliation,přičlenění
English,Czech,erratum,tisková chyba
English,Czech,bump,narazit
English,Czech,vicinity,okolí
English,Czech,burden,břemeno
English,Czech,utter,naprostý
English,Czech,domicile,trvalé bydliště
English,Czech,tangle,změť
English,Czech,apparent,zřejmý
English,Czech,along,spolu
English,Czech,apparently,zřejmě
English,Czech,omit,vynechat
English,Czech,adhere,držet
English,Czech,anyhow,v každém případě
English,Czech,novelty,novinka
English,Czech,dunno,nevím
English,Czech,cruise,plavba
English,Czech,terse,hutný
English,Czech,culprit,Viník
Czech,English,zasypany,backfilled
English,Czech,bail out,kauci
English,Czech,distortion,zkreslení
English,Czech,flaky,šupinatá
English,Czech,chit-chat,tlachání
English,Czech,defeat,porážka
English,Czech,tamper,tamper
English,Czech,culprit,viník
English,Czech,burden,zátěž
English,Czech,dig out,vykopat
English,Czech,traits,zvláštnosti
English,Czech,kudos,sláva
English,Czech,surge,přepětí
English,Czech,is adjacent,sousedí
Czech,English,kopr,dill
Czech,English,porek,leek
English,Czech,grab,grab
English,Czech,hoodie,mikina
English,Czech,wristband,náramek
English,Czech,altitude,výška
English,Czech,interstellar,mezihvězdný
English,Czech,destiny,osud
English,Czech,claim,reklamace
English,Czech,farewell,sbohem
English,Czech,remit,kompetence
English,Czech,beefy,svalnatý
English,Czech,nudge,šťouchnutí
English,Czech,outpost,základna
English,Czech,deferred,odložená
English,Czech,bits,bity
English,Czech,heck,kruci
English,Czech,whine,kňučení
English,Czech,caret,stříška
English,Czech,demanding,náročné
English,Czech,hype,hype
English,Czech,toggle,přepínač
English,Czech,inhibit,inhibovat
English,Czech,quirk,vtípek
English,Czech,lean,štíhlá
English,Czech,attitude,postoj
English,Czech,abject,abject
English,Czech,doom,doom
English,Czech,doomed,odsouzena k zániku
English,Czech,limbo,předpeklí
English,Czech,eager,touží
English,Czech,endorse,schválit
English,Czech,caveat,námitka
English,Czech,recap,rekapitulace
English,Czech,nutshell,zkratce
English,Czech,auxiliary,pomocný
English,Czech,arbitrary,libovolná
English,Czech,expose,vystavit
English,Czech,flaw,chyba
English,Czech,awareness,povědomí
English,Czech,unravel,rozluštit
English,Czech,tinker,dráteník
English,Czech,insist,"trvají na tom,"
English,Czech,fugitive,uprchlík
English,Czech,conformance,shody
English,Czech,polish,polština
English,Czech,bare,bare
English,Czech,expel,vyhnat
English,Czech,coercing,přinutit
English,Czech,momentum,hybnost
English,Czech,sore throat,bolest v krku
English,Czech,cliques,kliky
English,Czech,intermittent,přerušovaný
English,Czech,thick,tlustý
English,Czech,punning,pěchování
English,Czech,sink,umyvadlo
English,Czech,withdraw,stáhnout
English,Czech,latch,západka
English,Czech,parlance,žargon
English,Czech,freed,osvobodil
English,Czech,bracket,držák
English,Czech,závorka,Závorka
English,Czech,hesitate,váhat
English,Czech,hoisting,zdvihací
English,Czech,hog,prase
English,Czech,gosh,bože
English,Czech,lessen,snížit
English,Czech,sneaky,záludný
English,Czech,sweep,zametat
English,Czech,shredder,drtič
English,Czech,endurance,vytrvalost
English,Czech,awkward,trapné
English,Czech,awkwardly,nešikovně
English,Czech,rip out,vytrhnout
English,Czech,quash,zrušil
English,Czech,iron out,vyžehlit
English,Czech,blunder,omyl
English,Czech,prodded,šťouchl
English,Czech,blow up,vyhodit do povětří
English,Czech,bald,plešatý
English,Czech,hubby,manžílek
English,Czech,fertility,plodnost
English,Czech,crowd,dav
English,Czech,murmur,šelest
English,Czech,cheering,fandění
English,Czech,overwhelm,přemoci
English,Czech,stealth,stealth
English,Czech,tin,cín
English,Czech,nurse,zdravotní sestra
English,Czech,convey,sdělit
English,Czech,panicked,zpanikařil
English,Czech,crude,surový
English,Czech,caret,vynechávka v rukopise
English,Czech,brace,rovnátka
English,Czech,parenthesis,vsuvka
English,Czech,neglecting,zanedbání
English,Czech,grasp,uchopit
English,Czech,mortgage,hypotéka
Czech,English,hypoteka,hypothec
English,Czech,arbitrary,libovolný
English,Czech,pesky,tíživý
English,Czech,dispute,spor
English,Czech,sloppy,nedbalý
English,Czech,worth,hodnota
English,Czech,in time,včas
English,Czech,crawl over,přeplazit se
English,Czech,grab,urvat
English,Czech,signage,značení
English,Czech,infancy,rané dětství
English,Czech,hone,ostřit
English,Czech,pester,obtěžovat
English,Czech,triage,třídění
English,Czech,supposedly,údajně
English,Czech,harsh,krutý
English,Czech,sloth,lenost
English,Czech,chrissake,proboha
English,Czech,unencumbered,nezadlužený
English,Czech,nonsensical,nesmyslný
English,Czech,merely,pouze
English,Czech,albeit,ačkoli
English,Czech,incidentally,mimochodem
English,Czech,traits,vlastnosti
English,Czech,wasp,vosa
English,Czech,reimburse,uhradit
English,Czech,enroll,přihlásit se
English,Czech,shedding,ubývání
English,Czech,deputy,zástupce
English,Czech,scrambled,míchaná
English,Czech,hamper,překážet
English,Czech,tinkerer,nutí autora
English,Czech,revenue,příjem
Czech,English,cerealie,cereals
English,Czech,gratitude,vděčnost
English,Czech,sign,znamení
English,Czech,scavenge,prohledávat
English,Czech,gorgeous,nádherný
English,Czech,intrinsic,vlastní
English,Czech,rip out,vytrhnout se
English,Czech,fudge,fondán
Czech,English,rucnik,towel
English,Czech,apprentice,učeň
English,Czech,graft,štěp
English,Czech,ramp up,rozjet
English,Czech,retain,udržet
English,Czech,quid,libra
English,Czech,offload,složit
English,Czech,sublime,vznešený
English,Czech,sigh,povzdech
English,Czech,plausible,pravděpodobný
English,Czech,lurk,číhat
English,Czech,neat,čistý
English,Czech,friction,tření
English,Czech,lounge,hala
English,Czech,worse,horší
English,Czech,populate,zalidnit
English,Czech,pursue,sledovat
English,Czech,hunch,předtucha
English,Czech,immutable,neměnitelný
English,Czech,fart,prd
English,Czech,torn,roztrhaný
English,Czech,quirk,manýra
English,Czech,blast,výbuch
English,Czech,gross,hrubý
English,Czech,slotted,štěrbinová
English,Czech,venue,místo
English,Czech,clash,srážka
English,Czech,tentative,orientační
English,Czech,bloat,udit
English,Czech,unleashed,rozpoutal
English,Czech,awkward,trapný
English,Czech,inhibit,omezovat
English,Czech,bulk,objem
English,Czech,convince,přesvědčit
English,Czech,discrepancy,nesoulad
English,Czech,obligatory,povinný
English,Czech,infallible,neomylný
English,Czech,peephole,skulina
English,Czech,dissolve,rozpustit
English,Czech,splice,spojovat
English,Czech,flaw,kaz
English,Czech,aware,vědom
English,Czech,glimpse,letmý pohled
English,Czech,stale,zatuchlý
English,Czech,snip,stříhat
English,Czech,break down,zlomit
English,Czech,chimed,odbíjely
English,Czech,chime,rozeznít
English,Czech,insane,šílený
English,Czech,slush,rozbředlý sníh
English,Czech,ambiguity,dvojznačnost
English,Czech,fold,složit
English,Czech,refrain,zdržet se
English,Czech,legwork,terénní výzkum
English,Czech,convolute,zavinutý
English,Czech,fancy,fantazie
English,Czech,bias,sklon
English,Czech,biased,zaujatý
English,Czech,frown,mračit se
English,Czech,frowned,zamračil
English,Czech,tap,kohoutek
English,Czech,sentinel,stráž
English,Czech,buzz,šum
English,Czech,fizz,šumět
English,Czech,carrier,nosič
English,Czech,sink,dřez
English,Czech,sinking,potopení
English,Czech,bewildered,zmatený
English,Czech,slacking,flákání
English,Czech,fought,bojoval
English,Czech,strive,usilovat
English,Czech,notch,zářez
English,Czech,wrench,vyvrtnutí
English,Czech,overblow,odvát
English,Czech,eligible,způsobilý
English,Czech,hoist,kladkostroj
English,Czech,clump,shluk
English,Czech,modest,skromný
English,Czech,permissive,shovívavý
English,Czech,hunk,skýva
English,Czech,intact,neporušený
English,Czech,thusly,z ní vyplývající
English,Czech,praise,chvála
English,Czech,fate,osud
English,Czech,scrap,šrot
English,Czech,scrapping,sešrotování
English,Czech,clue,vodítko
English,Czech,hilarious,veselý
English,Czech,pants,kalhoty
English,Czech,wetting,smáčení
English,Czech,revamp,oprášit
English,Czech,ditch,příkop
English,Czech,reckless,bezohledný
English,Czech,reconcile,smířit
English,Czech,gory,krvavý
English,Czech,disruption,narušení
English,Czech,stake,sázka
English,Czech,stakeholder,zúčastněných stran
English,Czech,hesitant,váhavý
English,Czech,itch,svědění
English,Czech,nit,hnida
English,Czech,presumably,pravděpodobně
English,Czech,concern,znepokojení
English,Czech,curious,zvědavý
English,Czech,invoke,odvolat se
English,Czech,empire,říše
English,Czech,trench,příkop
English,Czech,scorn,opovržení
English,Czech,bliss,blaho
English,Czech,peril,nebezpečí
English,Czech,sweat,pot
English,Czech,immune,imunní
English,Czech,insist,trvat
English,Czech,weed out,vyřadit
English,Czech,abuse,zneužívání
English,Czech,eternal,věčný
English,Czech,quilt,deka
English,Czech,wise,moudrý
English,Czech,enthusiasm,nadšení
English,Czech,austerity,strohost
English,Czech,stall,stání
English,Czech,to snuck,se vloupal
English,Czech,contradiction,rozpor
English,Czech,caveat,varování
English,Czech,whore,děvka
English,Czech,fragile,křehký
English,Czech,interpose,prohodit